followers_count,urls,created_at,text
564506,['http://bit.ly/2oFDz4R'],Sat Apr 08 21:15:00 +0000 2017,Brain scans and machine learning programs are paving the way for a breakthrough in research on depression: https://t.co/zf04aHwUdc
79398,['http://bit.ly/2nMfoA7'],Sat Apr 08 21:19:13 +0000 2017,Open Source Machine Learning Degree | #MachineLearning #OpenSource #RT https://t.co/sjfmqg6l1r https://t.co/uz5waRfS1R
72655,['http://bit.ly/2nj9ECc'],Sat Apr 08 21:25:56 +0000 2017,RT @marianosirena: How\xc2\xa0to Blend Machine Learning Into Your #Marketing Strategy https://t.co/MxItI8LTIU via shaylaprice SessionCam #ecommerce
52652,['http://bit.ly/2noXY0V'],Sat Apr 08 21:06:08 +0000 2017,On the Blog | Machine Learning: The \xe2\x80\x9cNext Big Thing\xe2\x80\x9d in Education. https://t.co/uFwx99q1JR @drabkinron https://t.co/l8oL4JYvHc
52267,['http://bit.ly/2jUspp3'],Fri Apr 07 17:35:05 +0000 2017,#DataScience Learning #Deal:  Python for Data Science and Machine Learning Bootcamp #Bargain Udemy Course https://t.co/osKn9HPt9J
48117,['https://medium.com/@karpathy/a-peek-at-trends-in-machine-learning-ab8a1085a106'],Fri Apr 07 17:44:57 +0000 2017,"New quick blog post: ""A Peek at Trends in Machine Learning"" https://t.co/TXSzyQG6EZ a few ""Google Trends"" of ML papers on arxiv"
33897,['http://bit.ly/2nMfoA7'],Sat Apr 08 21:21:04 +0000 2017,RT @Ronald_vanLoon: Open Source Machine Learning Degree | #MachineLearning #OpenSource #RT https://t.co/sjfmqg6l1r https://t.co/uz5waRfS1R
24694,['http://ow.ly/pArN30aDjVG'],Sat Apr 08 02:02:25 +0000 2017,"RT @eGlobalLearning: ""Organizational learning matters as much as machine learning. "" https://t.co/LNZSoYlqlJ #Tech #AI #Workplace\xe2\x80\xa6 "
23525,['http://www.rightrelevance.com/search/articles?view=trending&orderBy=relevance&query=Machine%20Learning&days=2&taccount=ml_toparticles'],Sat Apr 08 01:15:09 +0000 2017,RT @ML_toparticles: Top Machine Learning articles from last 48 hrs https://t.co/1VXhJ2pXEK
17571,['http://ift.tt/1sCPnFG'],Sat Apr 08 02:00:17 +0000 2017,Bert Mouler on Algorithmic Trading &amp; Machine Learning tradingstory https://t.co/L0uUtKWawl #trading
16283,['https://goo.gl/6DH6yx'],Fri Apr 07 17:20:03 +0000 2017,How Humanity Will Soon Interface With Machine Learning Algorithms https://t.co/0bF4LnmxZf
15740,['https://goo.gl/a1OXth'],Fri Apr 07 17:09:37 +0000 2017,"RT @CodingMonde: Google en dit plus sur le TPU, son composant sp\xc3\xa9cial Machine Learning https://t.co/RFnhMRZWee https://t.co/eMvpvzgGI9"
15223,['https://soundcloud.com/coolgamesinc/episode-48-silhouette-of-the'],Sat Apr 08 02:10:14 +0000 2017,"This week, we're talking Cheetos, machine-learning algorithms, and a Burnout + Shadow of the Colossus hybrid game:  https://t.co/uGkY8e8Wsh"
14627,['http://bit.ly/2nMfoA7'],Sat Apr 08 21:19:13 +0000 2017,RT @Ronald_vanLoon: Open Source Machine Learning Degree | #MachineLearning #OpenSource #RT https://t.co/sjfmqg6l1r https://t.co/uz5waRfS1R
12623,['https://www.analyticsvidhya.com/blog/2017/01/19-mooc-mathematics-statistics-datascience-machine-learning/'],Sat Apr 08 02:00:03 +0000 2017,19 MOOCs on Mathematics #Statistics for #DataScience #MachineLearning https://t.co/rF4NjXjPPL
11317,"['http://ow.ly/pArN30aDjVG', 'https://twitter.com/i/web/status/850528767525224448']",Sat Apr 08 02:00:34 +0000 2017,"""Organizational learning matters as much as machine learning. "" https://t.co/LNZSoYlqlJ #Tech #AI #Workplace\xe2\x80\xa6 https://t.co/p0LsE52tnR"
10609,['http://crwd.fr/2nokPtx'],Sat Apr 08 21:21:10 +0000 2017,A visual introduction to machine learning https://t.co/7IzYFckuhc
10010,['http://bit.ly/2aQfn8S'],Fri Apr 07 17:14:17 +0000 2017,RT @Ronald_vanLoon: Introduction to Machine Learning in Python with scikit-learn | #MachineLearning #Phyton #RT https://t.co/luwGy9YZQM htt\xe2\x80\xa6
9993,['https://www.jkoolcloud.com/machine-learning-will-unlock-big-datas-full-potential/'],Sat Apr 08 21:20:53 +0000 2017,How Machine Learning Will Unlock Big Data\xe2\x80\x99s Full Potential https://t.co/YwxEXz2bx1  #MachineLearning #bigdata https://t.co/NTfZzKpLYI
9609,['http://bit.ly/2nMfoA7'],Sat Apr 08 21:22:27 +0000 2017,RT @Ronald_vanLoon: Open Source Machine Learning Degree | #MachineLearning #OpenSource #RT https://t.co/sjfmqg6l1r https://t.co/uz5waRfS1R
8841,"['http://www.deccanchronicle.com/technology/in-other-news/310117/dawn-of-the-autonomous-era-ai-machine-learning-and-people-analytics.html', 'https://twitter.com/i/web/status/850402880679018496']",Fri Apr 07 17:40:21 +0000 2017,"Dawn of the autonomous era: #AI, Machine Learning, and #PeopleAnalytics https://t.co/Q2EQYS9m6m #hr #hrtech #thwcxo\xe2\x80\xa6 https://t.co/PiC6xCdtmm"
8291,['http://bit.ly/2c3xIix'],Sat Apr 08 20:59:04 +0000 2017,"RT @TensorBeat: AI, Deep Learning, and Machine Learning: A Primer https://t.co/yxIvtSMVPq"
8291,['http://goo.gl/Vmpao6'],Sat Apr 08 21:01:40 +0000 2017,RT @googlecloud: Building a scaled @TensorFlo machine learning system? Read @jason_mayes' story using GCP: https://t.co/rv5LpA1k21 https://\xe2\x80\xa6
8195,['http://www.multilingualknowledge.com/2017/04/why-machine-learning-still-needs-humans_5.html'],Fri Apr 07 17:47:06 +0000 2017,RT @JochenHummel: #machinelearning outperforms humans in many disciplines. #language is not one of them https://t.co/iJDzCdPEf2
6782,['https://twitter.com/i/web/status/849993098038046720'],Sat Apr 08 02:03:37 +0000 2017,"RT @rautsan: Top story: Autodesk Inventor on Twitter: ""Will #machine learning also impact th\xe2\x80\xa6 https://t.co/DRBZfr2PBS, see more https://t.c\xe2\x80\xa6"
6220,['https://medium.com/@karpathy/a-peek-at-trends-in-machine-learning-ab8a1085a106'],Fri Apr 07 17:45:53 +0000 2017,"RT @karpathy: New quick blog post: ""A Peek at Trends in Machine Learning"" https://t.co/TXSzyQG6EZ a few ""Google Trends"" of ML papers on arx\xe2\x80\xa6"
6138,['https://ai.icymi.email/a-phd-student-and-assistant-professor-are-using-ai-to-crack-down-on-isis-on-twitter/'],Sat Apr 08 21:02:01 +0000 2017,Top #Intelligence Fighting online extremists with machine learning https://t.co/9oGSnZu3an via @MITSloan #technology https://t.co/pkS0XNZjq7
5984,['https://goo.gl/M75IuL'],Sat Apr 08 01:47:53 +0000 2017,RT @DD_NaNa_: 24170+ Enrolled  Data Science and Machine Learning with #Python - Hands On! https://t.co/UhfWbGNzcu
5965,['http://bit.ly/2noXY0V'],Sat Apr 08 21:08:18 +0000 2017,Getting_Smart: On the Blog | Machine Learning: The \xe2\x80\x9cNext Big Thing\xe2\x80\x9d in Education. https://t.co/AwcC1z0nFJ drabkinron \xe2\x80\xa6
5659,['http://bos.gl/WOUu5DO'],Fri Apr 07 17:14:54 +0000 2017,"RT @ScottKirsner: This semester, roughly 700 students tried to get into @MIT\'s ""Intro to Machine Learning"" class https://t.co/FL1cl0SDiM #A\xe2\x80\xa6"
5170,['https://twitter.com/news_chatbot/status/806553544916615168'],Sat Apr 08 21:23:34 +0000 2017,RT @KMCS16: Un peu d'histoire sur les d\xc3\xa9but de l'IA et ses d\xc3\xa9riv\xc3\xa9s... #mbamci .@mbamci @news_chatbot https://t.co/etOIOj8sIb
5119,['http://bit.ly/2nMfoA7'],Sat Apr 08 21:19:33 +0000 2017,RT @Ronald_vanLoon: Open Source Machine Learning Degree | #MachineLearning #OpenSource #RT https://t.co/sjfmqg6l1r https://t.co/uz5waRfS1R
5117,['http://insidebigdata.com/2017/04/08/using-machine-learning-big-data-analytics-improve-existing-business-systems/'],Sat Apr 08 21:05:20 +0000 2017,RT @MihaiEnescu14: Using #MachineLearning and #BigData #Analytics to Improve Existing Business Systems https://t.co/ZREMvkNdWN @insideBigDa\xe2\x80\xa6
5117,['http://dlvr.it/NrBnQY'],Sat Apr 08 21:06:28 +0000 2017,RT @ChatbotObserver: Deep Learning in 7 lines of code: The essence of machine\xe2\x80\xa6 https://t.co/pbYwWVZR6K #machinelearning #ai #tensorflow\xe2\x80\xa6 
5099,['https://twitter.com/i/web/status/850244102142676993'],Fri Apr 07 17:33:18 +0000 2017,"RT Ronald_vanLoon: 60+ Free Books on Big Data, Data Science, Data Mining, Machine Learning, Python, R, and more v\xc3\xad\xe2\x80\xa6 https://t.co/uaJ2KMNtFQ"
5093,['https://www.forbes.com/sites/janakirammsv/2017/04/03/5-ways-machine-learning-has-influenced-the-modern-cloud/#2eeb013d113a'],Sat Apr 08 01:54:18 +0000 2017,RT @OSVC_Support: 5 Ways #MachineLearning Has Influenced The Modern #Cloud https://t.co/dkQFjKB93y #AI #ML #CloudComputing #SaaS\xe2\x80\xa6 
5091,['http://buff.ly/2oLMhBX'],Sat Apr 08 01:55:50 +0000 2017,"RT @dansowter: Machine Learning Is Not Magic: It\xe2\x80\x99s All About Math, Stats, Data, and Programming - https://t.co/rV8uiDVcAs #worthreading"
5089,['https://goo.gl/M75IuL'],Sat Apr 08 01:13:08 +0000 2017,RT @DD_NaNa_: 24170+ Enrolled  Data Science and Machine Learning with #Python - Hands On! https://t.co/UhfWbGNzcu
5073,['http://bit.ly/2oa1yut'],Fri Apr 07 17:43:36 +0000 2017,RT @reaktorplayer: NSynth : Neural Audio Synthesis : https://t.co/73bTm9E1Q1  Use machine learning to develop new avenues of human exp\xe2\x80\xa6 
5072,['http://zpy.io/87150244'],Fri Apr 07 17:22:30 +0000 2017,RT @pythonbot_: A Collection Of Advanced Data Science And Machine Learning Interview Qu here  https://t.co/LgFXzDc8PR #machine #learning #p\xe2\x80\xa6
5071,['http://bit.ly/2aQfn8S'],Fri Apr 07 17:15:02 +0000 2017,RT @Ronald_vanLoon: Introduction to Machine Learning in Python with scikit-learn | #MachineLearning #Phyton #RT https://t.co/luwGy9YZQM htt\xe2\x80\xa6
4873,['http://bit.ly/2nj9ECc'],Sat Apr 08 21:25:31 +0000 2017,How\xc2\xa0to Blend Machine Learning Into Your #Marketing Strategy https://t.co/MxItI8LTIU via shaylaprice SessionCam #ecommerce
4687,['http://bit.ly/2nj9ECc'],Sat Apr 08 21:21:00 +0000 2017,How\xc2\xa0to Blend Machine Learning Into Your #Marketing Strategy https://t.co/FU0rwkzrX8 via @shaylaprice @SessionCam #ecommerce
4494,"['http://news.google.com/news/url?sa=t&fd=R&ct2=uk&usg=AFQjCNHUGMF-hROGgB7hkg1ZmETUI0zdoQ&clid=c3a7d30bb8a4878e06b80cf16b898331&cid=52779452954125&ei=BMvnWOjxMMeDhQG-sIioBw&url=http%3A%2F%2Fwww.computing.co.uk%2Fctg%2Fnews%2F3008088%2Fibm-watson-machine-learning-put-to-work-in-ibms-enterprise-helpdesk-software&utm_source=dlvr.it&utm_medium=twitter', 'https://twitter.com/i/web/status/850398692821549056']",Fri Apr 07 17:23:42 +0000 2017,IBM Watson machine learning put to work in IBM's enterprise helpdesk software -\xe2\x80\xa6 https://t.co/abwoLWJDUp via\xe2\x80\xa6 https://t.co/vUCM80zOKq
4378,['http://goo.gl/fG3j9P'],Fri Apr 07 17:31:41 +0000 2017,RT @ImDataScientist: Google and Movidius partner to develop the next generation of machine-learning technology https://t.co/cR8oVw3EqS #Mac\xe2\x80\xa6
4378,['http://goo.gl/fG3j9P'],Fri Apr 07 17:31:41 +0000 2017,RT @ImDataScientist: Google and Movidius partner to develop the next generation of machine-learning technology https://t.co/cR8oVw3EqS #Mac\xe2\x80\xa6
4130,['https://ibm.co/2oQJjsz'],Fri Apr 07 17:33:56 +0000 2017,IBM Patents Machine Learning Models for Drug Discovery https://t.co/w9qshnywfI
3693,['http://www.theverge.com/tldr/2017/4/6/15209202/adobe-sensei-selfie-improving-ai-machine-learning'],Fri Apr 07 17:10:15 +0000 2017,#Adobe tries to make selfies less embarrassing using #AI and #machinelearning  https://t.co/GoWhLAPEec
3686,['http://crwd.fr/2iXgyqw'],Sat Apr 08 02:13:06 +0000 2017,How Machine Learning Will Identify The Drugs Of The Future https://t.co/1jkbHN2vPW https://t.co/Y8OnJJTE9X
3626,['http://bit.ly/2nMfoA7'],Sat Apr 08 21:22:46 +0000 2017,RT @Ronald_vanLoon: Open Source Machine Learning Degree | #MachineLearning #OpenSource #RT https://t.co/sjfmqg6l1r https://t.co/uz5waRfS1R
3581,['https://twitter.com/DeepLearn007/status/850169705952411648'],Sat Apr 08 02:13:15 +0000 2017,Read allchinatech: #bigdata #machinelearning https://t.co/OHF21wGRlr for #China #startups
3453,['https://cards.twitter.com/cards/18ce53zwljh/2vag5'],Sat Apr 08 02:15:19 +0000 2017,RT @TeamAnodot: Introduction to design principles of creating an machine learning-based anomaly detection system  https://t.co/4cE53qqGvG
3281,['http://buff.ly/2nlyRfv'],Fri Apr 07 17:10:29 +0000 2017,RT @_Data_Science_: #DataScience: Top 20 Recent Research Papers on Machine Learning and D... #MachineLearning https://t.co/nPmfxe1vEe
3204,['http://bit.ly/2nLCoyU'],Fri Apr 07 17:20:21 +0000 2017,IBM patents machine learning models for drug discovery IBM - The Fly https://t.co/eZgQZG1TRr #ai #ml #dl
3203,['http://bit.ly/2o5ZxOs'],Fri Apr 07 17:15:20 +0000 2017,"Machine Learning Is Not Magic: It\xe2\x80\x99s All About Math, Stats, Data, and Programming - The New Stack https://t.co/6LQeGOHim0 #ai #ml #dl"
3168,['http://klou.tt/17nhfyg06seh8'],Sat Apr 08 21:16:56 +0000 2017,Using Machine Learning and Big Data Analytics to Improve Existing Business Systems - insideBIGDATA https://t.co/BAM75l8ntU
3149,['http://bit.ly/2nMfoA7'],Sat Apr 08 21:24:02 +0000 2017,RT @Ronald_vanLoon: Open Source Machine Learning Degree | #MachineLearning #OpenSource #RT https://t.co/sjfmqg6l1r https://t.co/uz5waRfS1R
3082,['https://twitter.com/carlfranzen/status/850814711872573440'],Sat Apr 08 21:10:33 +0000 2017,When cows do it I think it's called cow learning https://t.co/OOSBQDl7Ps
3065,['http://paper.li/nabinkm/1354294447?edition_id=28dc7870-1bfe-11e7-802f-0cc47a0d1605'],Sat Apr 08 01:53:29 +0000 2017,Machine Learning and Remote Sensing is out! https://t.co/IVRLGOQh5j Stories via @richieman504 @ProfessorSlots @codebeans #machinelearning
3042,['http://dlvr.it/Nql8x1'],Fri Apr 07 17:37:08 +0000 2017,The Emotionally Intelligent Web: How Will Machine Learning Affect User Interaction? https://t.co/XY4cqD5cZp https://t.co/no01NsIHv5
3021,['https://twitter.com/DeepLearn007/status/850169705952411648'],Sat Apr 08 02:13:09 +0000 2017,#bigdata #machinelearning https://t.co/YPra7QI7Cv
2786,['https://goo.gl/klVvZB'],Sat Apr 08 02:07:06 +0000 2017,Adobe tries to make selfies less embarrassing using AI and machine learning https://t.co/cThpJiA54H #machinelearning
2750,['http://buff.ly/2o8hMCL'],Sat Apr 08 21:09:09 +0000 2017,How\xc2\xa0to Blend Machine Learning Into Your #Marketing Strategy https://t.co/kIV7lEkjFH via @shaylaprice @SessionCam #ecommerce
2690,['http://bit.ly/2oNrlKe'],Sat Apr 08 02:00:02 +0000 2017,Federated Learning: Collaborative Machine Learning without Centralized Training Data https://t.co/jYfKIhss93 https://t.co/oQLX5yPYBr
2645,['http://dlvr.it/Nqtjm7'],Sat Apr 08 02:00:05 +0000 2017,Top March Stories: 7 More Steps to Mastering Machine Learning With Python; 50 Companies\xe2\x80\xa6 https://t.co/ChjK5bF5Kd via @kdnuggets #DataScience
2598,['https://summits.brighttalk.com/summit/from-man-to-machine-learning/'],Sat Apr 08 02:08:31 +0000 2017,RT @KirkDBorne: Augmenting Human Intelligence with #AI via #MachineLearning \xe2\x80\x94 check out these @BrightTALK webinars: https://t.co/wqDbLuMjGV\xe2\x80\xa6
2386,['https://goo.gl/M75IuL'],Sat Apr 08 01:50:11 +0000 2017,RT @DD_NaNa_: 24170+ Enrolled  Data Science and Machine Learning with #Python - Hands On! https://t.co/UhfWbGNzcu
2358,['http://dlvr.it/NrBnQY'],Sat Apr 08 21:07:19 +0000 2017,RT @ChatbotObserver: Deep Learning in 7 lines of code: The essence of machine\xe2\x80\xa6 https://t.co/pbYwWVZR6K #machinelearning #ai #tensorflow\xe2\x80\xa6 
2214,['http://crwd.fr/2ns6mN7'],Sat Apr 08 21:29:05 +0000 2017,Machine Learning: The \xe2\x80\x9cNext Big Thing\xe2\x80\x9d in Education | Getting Smart https://t.co/JN9fhSH5yj #Education https://t.co/alolaiRUPE
2169,['http://zpy.io/b65f55ec'],Sat Apr 08 01:55:38 +0000 2017,Python : A Comprehensive Beginners Guide - From A To Z Simple Steps here  https://t.co/hzxsymduEN #machine #learning #python @pythonbot_
2162,['http://zpy.io/4becf4ef'],Fri Apr 07 17:21:48 +0000 2017,"Sql For Marketers: Dominate Data Analytics, Data Science, And Big Data  here  https://t.co/TatFIpxn1a #machine #learning #python @pythonbot_"
2162,['http://zpy.io/87150244'],Fri Apr 07 17:21:48 +0000 2017,A Collection Of Advanced Data Science And Machine Learning Interview Qu here  https://t.co/LgFXzDc8PR #machine #learning #python @pythonbot_
2158,"['http://www.deccanchronicle.com/technology/in-other-news/310117/dawn-of-the-autonomous-era-ai-machine-learning-and-people-analytics.html', 'https://twitter.com/i/web/status/850402880679018496']",Fri Apr 07 17:46:07 +0000 2017,"RT thehrisworld: Dawn of the autonomous era: #AI, Machine Learning, and #PeopleAnalytics https://t.co/fnIVSzWnRN \xe2\x80\xa6 https://t.co/OJAIVn8Z8h"
2155,['https://twitter.com/rolandparis/status/850486337782284288'],Sat Apr 08 02:00:33 +0000 2017,Seems the algorithms are on to something. Maybe machine luv learning? https://t.co/wicFSOLYif
2134,['http://www.theverge.com/tldr/2017/4/6/15209202/adobe-sensei-selfie-improving-ai-machine-learning?utm_campaign=theverge&utm_content=chorus&utm_medium=social&utm_source=twitter'],Sat Apr 08 21:02:09 +0000 2017,RT @verge: Adobe tries to make selfies less embarrassing using AI and machine learning https://t.co/iRbNUZZcu6 https://t.co/yfpF26RQIg
2120,['http://www.theverge.com/tldr/2017/4/6/15209202/adobe-sensei-selfie-improving-ai-machine-learning?utm_campaign=theverge&utm_content=chorus&utm_medium=social&utm_source=twitter'],Sat Apr 08 21:09:01 +0000 2017,RT @verge: Adobe tries to make selfies less embarrassing using AI and machine learning https://t.co/iRbNUZZcu6 https://t.co/yfpF26RQIg
2119,['https://speckyboy.com/emotionally-intelligent-web-user-interaction/'],Sat Apr 08 21:20:05 +0000 2017,The Emotionally Intelligent Web: How Will Machine Learning Affect User Interaction? https://t.co/VEBBmZ3xd3
2071,['http://buff.ly/2oWD5GV'],Sat Apr 08 02:02:04 +0000 2017,RT @DataScienceCtrl: Machine Learning Cheat Sheet\nhttps://t.co/APeZmetZHm https://t.co/0amOhu9Lc3
2044,"['http://bit.ly/2no1DfE', 'https://twitter.com/DataScienceCtrl/status/850506079146582021']",Sat Apr 08 01:12:49 +0000 2017,Machine Learning Algorithm Identifies Tweets Sent Under the Influence of Alcohol https://t.co/HHQczYcO4j https://t.co/7Sr6o31yJA\n\nMachine\xe2\x80\xa6
1953,['https://twitter.com/i/web/status/850396438899167232'],Fri Apr 07 17:14:45 +0000 2017,"""Combination of machine-driven classif enhanced by human correction provides clear path forward in acceptable accur\xe2\x80\xa6 https://t.co/YCFkCbTPa4"
1859,['http://www.theverge.com/tldr/2017/4/6/15209202/adobe-sensei-selfie-improving-ai-machine-learning?utm_campaign=theverge&utm_content=chorus&utm_medium=social&utm_source=twitter'],Sat Apr 08 21:03:53 +0000 2017,RT @verge: Adobe tries to make selfies less embarrassing using AI and machine learning https://t.co/iRbNUZZcu6 https://t.co/yfpF26RQIg
1834,['http://bit.ly/2oa1yut'],Fri Apr 07 17:42:46 +0000 2017,RT @reaktorplayer: NSynth : Neural Audio Synthesis : https://t.co/73bTm9E1Q1  Use machine learning to develop new avenues of human exp\xe2\x80\xa6 
1818,['http://www.esanosys.com/blog/marketing-automation/machine-learning-ai-marketing/'],Fri Apr 07 17:20:32 +0000 2017,Machine Learning &amp; AI in #Marketing https://t.co/ej4TULfXYR via @esanosys #martech #marketingautomation https://t.co/1Nb1AsDTCl
1795,['http://www.information-age.com/4-industries-machine-learning-2017-123465561/'],Sat Apr 08 21:09:00 +0000 2017,4 industries that will be transformed by machine learning in 2017 https://t.co/Tplg09MBUk via @https://twitter.com/InformationAge
1768,['http://dlvr.it/NqlJmW'],Fri Apr 07 17:47:06 +0000 2017,Pipe Leak Detection System Employs Machine Learning to Limit Errors - Xconomy https://t.co/2kxsdfWVhg
1730,['http://dlvr.it/NqtkvM'],Sat Apr 08 02:03:03 +0000 2017,Google test machine learning aan de hand van lokale smartphonegegevens https://t.co/zngVKYIXUf
1698,['https://twitter.com/Ronald_vanLoon/status/848672268943327233'],Fri Apr 07 17:45:41 +0000 2017,RT @michvictor: Beginners Guide to #machinelearning #deeplearning and #AI https://t.co/4T39rNJKBZ
1635,['http://www.Maths-Fi.com/offre-emploi-moa-finance-salle-de-marche-quant-developpeur-jeune-diplome-grande-ecole-master-banque-assurance-assurances-ingenieur-bale-analyste-quantitatif-java-j2ee-trader-trading-front-office-commando-informatique-vba-developpement-it/nouvel-ebook-gratuit-a-telecharger-trading-automatique-finance-maintenance-predictive-mathworks-ebook-machine-learning-1.asp'],Fri Apr 07 17:36:52 +0000 2017,A telecharger! Nouvel eBook MathWorks:Le Machine Learning avec MATLAB.+Le Machine Learni... https://t.co/iqTYL46KKj VIE finance 30
1635,['http://www.Maths-Fi.com/offre-emploi-moa-finance-salle-de-marche-quant-developpeur-jeune-diplome-grande-ecole-master-banque-assurance-assurances-ingenieur-bale-analyste-quantitatif-java-j2ee-trader-trading-front-office-commando-informatique-vba-developpement-it/nouvel-ebook-gratuit-a-telecharger-trading-automatique-finance-maintenance-predictive-mathworks-ebook-machine-learning-1.asp'],Sat Apr 08 21:05:16 +0000 2017,A telecharger! Nouvel eBook MathWorks:Le Machine Learning avec MATLAB.+Le Machine Learni... https://t.co/iqTYL46KKj VIE finance 60
1616,['http://ift.tt/2oHzksP'],Fri Apr 07 17:10:07 +0000 2017,RT @infosecnews_bot: Some Lesser Known Machine Learning Libraries - https://t.co/5XVF9jVGNS #infosec #CyberSecurity
1407,['http://ift.tt/2oQqRDl'],Sat Apr 08 21:01:29 +0000 2017,\xe2\xa6\x91 Adobe using AI and machine learning to create the perfect selfie https://t.co/Eexb7NOyUU \xe2\xa6\x92 \xe2\x8e\x8b \xe2\xb8\x84 #OpenAI #ProgrammableWeb #AI \xe2\xb8\x85
1381,['https://lnkd.in/ewwJxvf'],Fri Apr 07 17:14:09 +0000 2017,El machine learning impulsa el desarrollo de nuevos productos para la abogac\xc3\xada https://t.co/q5PEg6KoAi
1376,['https://dzone.com/articles/understanding-machine-learning'],Sat Apr 08 21:20:02 +0000 2017,RT @jblefevre60: Understanding #machinelearning\n#AI #fintech #bigdata #Marketing #healtchare #ML\nhttps://t.co/GPoLjogOo7\nvia\xe2\x80\xa6 
1365,['http://ow.ly/9EuE50aJbYb'],Sat Apr 08 21:01:07 +0000 2017,"#AI - Fighting online extremists with machine learning - With input from Jytte Klausen, a specialist of western... https://t.co/qCPM7Sqlbx"
1362,['http://disenografia.tonytacacci.com/2017/04/el-trabajo-de-adobe-con-inteligencia-artificial-y-machine-learning-para-fotografias'],Sat Apr 08 21:20:28 +0000 2017,Esta semana Adobe nos muestra como nos va a poner m\xc3\xa1s guapos con su tecnolog\xc3\xada Sensei https://t.co/sEIygxBJ0E
1326,['https://twitter.com/i/web/status/850821725398892544'],Sat Apr 08 21:24:41 +0000 2017,Toutiao uses AI to curate headline recommendations. \xe2\x80\x9cWe have built the largest machine-learning platform for conten\xe2\x80\xa6 https://t.co/E6AXdZDVHk
1312,['http://insidebigdata.com/2017/03/18/google-changing-landscape-digital-marketing-deep-machine-learning/'],Fri Apr 07 17:39:42 +0000 2017,RT @KhalidHamdan0: How #Google Is Changing the Landscape of #DigitalMarketing with Deep &amp; #machinelearning - https://t.co/c807mhOWEg M\xe2\x80\xa6 
1291,['http://www.zdnet.com/article/open-mind-microsofts-visual-studio-like-suite-for-machine-learning/'],Sat Apr 08 01:13:07 +0000 2017,"RT @sqlservian: ""Visual Studio"" for machine learning: https://t.co/GrHyKCQxRk"
1288,['http://www.theverge.com/tldr/2017/4/6/15209202/adobe-sensei-selfie-improving-ai-machine-learning?utm_campaign=theverge&utm_content=chorus&utm_medium=social&utm_source=twitter'],Sat Apr 08 21:05:04 +0000 2017,RT @verge: Adobe tries to make selfies less embarrassing using AI and machine learning https://t.co/iRbNUZZcu6 https://t.co/yfpF26RQIg
1205,['https://twitter.com/i/web/status/850527553207009280'],Sat Apr 08 01:55:45 +0000 2017,Big Data Protection in the Age of Machine Learning\n#machinelearning #bigdata #AI #fintech #ML...\xe2\x80\xa6 https://t.co/yUYOkj4i8B
1190,['https://techxplore.com/news/2017-04-machine-chip-feather-google-cap.html'],Fri Apr 07 17:33:07 +0000 2017,Machine learning chip earns another feather in Google thinking cap https://t.co/k8lpqYoINz via @techxplore_com
1190,['http://techxplore.com.ln.is/92Np9'],Fri Apr 07 17:33:08 +0000 2017,Machine learning chip earns another feather in Google thinking cap https://t.co/r6CRBtNpzG via @techxplore_com
1189,['https://goo.gl/rosRv7'],Sat Apr 08 21:09:08 +0000 2017,factoring massive numbers with machine learning techniques https://t.co/gL2cig4OLh
1181,['http://www.deccanchronicle.com/technology/in-other-news/310117/dawn-of-the-autonomous-era-ai-machine-learning-and-people-analytics.html'],Fri Apr 07 17:43:49 +0000 2017,"RT @thehrisworld: Dawn of the autonomous era: #AI, Machine Learning, and #PeopleAnalytics https://t.co/Q2EQYS9m6m #hr #hrtech #thwcxo\xe2\x80\xa6 "
1168,"['http://bit.ly/2noXY0V', 'http://ift.tt/2hs38RY']",Sat Apr 08 21:06:28 +0000 2017,Getting_Smart: On the Blog | Machine Learning: The \xe2\x80\x9cNext Big Thing\xe2\x80\x9d in Education. https://t.co/KD4wEQrDPg drabkin\xe2\x80\xa6 https://t.co/emJEU6vWJJ
1168,"['http://ln.is/www.gettingsmart.com/uNE5W', 'http://ift.tt/2hs38RY']",Sat Apr 08 21:06:28 +0000 2017,Getting_Smart: On the Blog | Machine Learning: The \xe2\x80\x9cNext Big Thing\xe2\x80\x9d in Education. https://t.co/6J5gSLtAB5 drabkin\xe2\x80\xa6 https://t.co/emJEU6vWJJ
1158,['https://www.kaushik.net/avinash/artificial-intelligence-machine-learning-implications-marketing-analytics/'],Sat Apr 08 21:04:01 +0000 2017,"#ArtificialIntelligence: Implications on Marketing, Analytics, &amp; You | #MarTech #BigData via @avinash\n\nhttps://t.co/SkLXeFPGoT"
1122,['https://twitter.com/dataconomymedia/status/850785370656604160'],Sat Apr 08 21:27:02 +0000 2017,RT @thekrinker: Solid beginners guide. https://t.co/4hcrgFh2Mt
1112,['http://healthitanalytics.com/news/ai-machine-learning-as-a-service-set-to-overhaul-healthcare'],Sat Apr 08 21:23:20 +0000 2017,"RT @wiomax: #AI, #MachineLearning as a Service Set to Overhaul #Healthcare https://t.co/44Q9K2SCfx #ArtificialIntelligence\xe2\x80\xa6 "
1110,['https://twitter.com/Ronald_vanLoon/status/848672268943327233'],Fri Apr 07 17:44:40 +0000 2017,Beginners Guide to #machinelearning #deeplearning and #AI https://t.co/4T39rNJKBZ
1090,['http://buff.ly/2p7bvXm'],Fri Apr 07 17:19:12 +0000 2017,RT @MarvinStone: Excellent Introduction to Machine Learning in Minutes - Thanks to .@spithout https://t.co/bfKnL6H5VS - \xc2\xa0\xe2\x80\xa6 
1036,['http://crwd.fr/2p6FXRy'],Sat Apr 08 02:01:21 +0000 2017,RT @dleit7: Machine learning could help us tackle depression https://t.co/xIeyka29Y8 https://t.co/KHdsm7jLpx
1022,['http://ift.tt/2oHzksP'],Fri Apr 07 17:09:30 +0000 2017,RT @infosecnews_bot: Some Lesser Known Machine Learning Libraries - https://t.co/5XVF9jVGNS #infosec #CyberSecurity
1005,['https://medium.com/@karpathy/a-peek-at-trends-in-machine-learning-ab8a1085a106'],Sat Apr 08 01:58:25 +0000 2017,"RT @karpathy: New quick blog post: ""A Peek at Trends in Machine Learning"" https://t.co/TXSzyQG6EZ a few ""Google Trends"" of ML papers on arx\xe2\x80\xa6"
1005,['http://bit.ly/2o4xbFQ'],Sat Apr 08 02:01:34 +0000 2017,RT @linda_bernardi: 5 Ways Machine Learning Has Influenced The Modern Cloud via @forbes https://t.co/ryrlYzTgMf https://t.co/mSgsIlu4PY
997,['http://bit.ly/2oa1yut'],Fri Apr 07 17:43:56 +0000 2017,RT @reaktorplayer: NSynth : Neural Audio Synthesis : https://t.co/73bTm9E1Q1  Use machine learning to develop new avenues of human exp\xe2\x80\xa6 
996,['http://bit.ly/2oz2rxI'],Sat Apr 08 21:20:04 +0000 2017,RT @openculture: Neural Networks for Machine Learning: A Free Online Course https://t.co/XZaA05qkKB https://t.co/ugDw1F5Ldx
972,['http://www.nature.com/news/machine-learning-predicts-the-look-of-stem-cells-1.21769'],Fri Apr 07 17:33:59 +0000 2017,Machine learning predicts the look of stem cells https://t.co/2isWMfnpGo
963,['http://bit.ly/2pbUPxU'],Sat Apr 08 02:15:28 +0000 2017,"Sock puppet accounts unmasked by the way they write and post - ""researchers created a machine learning tool that c\xe2\x80\xa6 https://t.co/weLeRPijEd"
957,['http://dlvr.it/NqlRb3'],Fri Apr 07 17:53:18 +0000 2017,Why Should Designers And Product Managers Know About Machine Learning? https://t.co/Qbf71DQqoS https://t.co/nbHHR5e5VW
864,['https://twitter.com/i/web/status/850822764059602944'],Sat Apr 08 21:28:49 +0000 2017,Is #Blockchain Enabler of Data Monetization? | @CloudExpo #BigData #FinTech | Machine Learning...\xe2\x80\xa6 https://t.co/y6UyXBB3nT
812,['http://bit.ly/2nj9ECc'],Sat Apr 08 21:22:55 +0000 2017,RT @CJScribe: How\xc2\xa0to Blend Machine Learning Into Your #Marketing Strategy https://t.co/FU0rwkzrX8 via @shaylaprice @SessionCam #ecommerce
779,['http://www.theverge.com/tldr/2017/4/6/15209202/adobe-sensei-selfie-improving-ai-machine-learning?utm_campaign=theverge&utm_content=chorus&utm_medium=social&utm_source=twitter'],Sat Apr 08 20:59:08 +0000 2017,RT @verge: Adobe tries to make selfies less embarrassing using AI and machine learning https://t.co/iRbNUZZcu6 https://t.co/yfpF26RQIg
762,['http://buff.ly/2nmdx9A'],Fri Apr 07 17:23:00 +0000 2017,Machine learning could help us tackle depression https://t.co/dzhzQs2pKp
758,['https://research.googleblog.com/2017/04/federated-learning-collaborative.html'],Sat Apr 08 21:14:33 +0000 2017,RT @deeplearning4j: Federated Learning: Collaborative Machine Learning w/o Centralized Training Data https://t.co/qaNxuwrDLp #machinelearni\xe2\x80\xa6
757,['https://research.googleblog.com/2017/04/federated-learning-collaborative.html'],Fri Apr 07 17:34:26 +0000 2017,Federated Learning: Collaborative Machine Learning without Centralized Training Data https://t.co/jr4xB7t3VB
731,['http://insidebigdata.com/2017/04/08/using-machine-learning-big-data-analytics-improve-existing-business-systems/'],Sat Apr 08 21:04:57 +0000 2017,Using #MachineLearning and #BigData #Analytics to Improve Existing Business Systems https://t.co/ZREMvkNdWN @insideBigData @DanAdika #AI
721,['https://twitter.com/i/web/status/850403970627637251'],Fri Apr 07 17:44:40 +0000 2017,@DomGFCBallard I'm developing a machine learning app for predicting matches. I'll give you a run down when I get ho\xe2\x80\xa6 https://t.co/xl7hKAZF4w
710,['https://auth0.com/blog/machine-learning-for-everyone/?utm_source=twitter&utm_medium=sc&utm_campaign=machine_learning'],Sat Apr 08 02:14:25 +0000 2017,RT @auth0: Get started with #MachineLearning and #DataScience! \nby @DataSciHeroes \xf0\x9f\x8e\xaf\n\xf0\x9f\x8c\xb3 &gt; https://t.co/K98qKkaB14\n\xf0\x9f\x94\x8e &gt;\xe2\x80\xa6 
698,['http://ln.is/www.cio.com/article/BXbcC'],Sat Apr 08 21:07:42 +0000 2017,"RT @TheDataSciDude: #AI #DataMining #PrecisionAg\nAI, machine learning blossom in agriculture and pest control https://t.co/gChqKuY6Ds v\xe2\x80\xa6 ht\xe2\x80\xa6"
692,['https://twitter.com/marcoessomba/status/850211684195082242'],Sat Apr 08 01:58:32 +0000 2017,RT @CristinGoodwin: Being faster than that means it's only about machine learning and AI. https://t.co/GIkvCgWK68
658,['http://crwd.fr/2p6FXRy'],Sat Apr 08 02:01:06 +0000 2017,Machine learning could help us tackle depression https://t.co/xIeyka29Y8 https://t.co/KHdsm7jLpx
656,['http://bit.ly/2mjwR5p'],Fri Apr 07 17:44:44 +0000 2017,"RT @MIS_ing: Machine learning: What, how, and why you need it now https://t.co/WdBIEJnhe0 https://t.co/4Wz5Vu0OjQ"
628,['http://www.activevoice.us/article.jsp?name=top10datascienceandmachinelearningpodcastsdataconomy&t=Math'],Sat Apr 08 02:13:30 +0000 2017,RT @ImDataScientist: Top 10 Data Science and Machine Learning Podcasts - Dataconomy https://t.co/E9E7CQNRJe #DataScience #MachineLearning h\xe2\x80\xa6
621,['https://medium.com/@karpathy/a-peek-at-trends-in-machine-learning-ab8a1085a106'],Fri Apr 07 17:45:22 +0000 2017,"RT @karpathy: New quick blog post: ""A Peek at Trends in Machine Learning"" https://t.co/TXSzyQG6EZ a few ""Google Trends"" of ML papers on arx\xe2\x80\xa6"
608,['http://tek.io/2nxND17'],Fri Apr 07 17:15:03 +0000 2017,New #IBM #security #tool uses machine learning to help businesses detect #phishing https://t.co/ClxKPyxYd3 https://t.co/7xQHCDLf4c
592,['http://paper.li/skappal/1477589076?read=http%3A%2F%2Fblog.co%2Dopfs.org%2Fco%2Dop%2Dto%2Dlaunch%2Dgroundbreaking%2Dnew%2Dmachine%2Dlearning%2Drisk%2Dmanagement%2Dtool%2Dthis%2Dyear%2F'],Fri Apr 07 17:23:57 +0000 2017,CO-OP to Implement New Machine Learning Risk Management Tool This Year https://t.co/YtuBOTskyM by @COOPFS
586,['http://www.multilingualknowledge.com/2017/04/why-machine-learning-still-needs-humans_5.html'],Fri Apr 07 17:21:56 +0000 2017,RT @JochenHummel: #machinelearning outperforms humans in many disciplines. #language is not one of them https://t.co/iJDzCdPEf2
557,['https://twitter.com/i/web/status/850403817120305153'],Fri Apr 07 17:44:04 +0000 2017,Use data to see the future. FREE event! Learn about the power of machine learning #Denver 5/2\xe2\x80\xa6 https://t.co/Oby1e3Efx0
550,['http://bit.ly/2nLCoyU'],Fri Apr 07 17:23:07 +0000 2017,IBM patents machine learning models for drug discovery IBM - The Fly https://t.co/HpeUoPtKBX #ai #ml #dl
550,['http://www.information-age.com/4-industries-machine-learning-2017-123465561/'],Fri Apr 07 17:43:22 +0000 2017,We're starting to see the real impact of #MachineLearning in these 4 industries @ishers123 @InformationAge https://t.co/Z7wSOAmrPV
550,['https://twitter.com/i/web/status/850403796450594816'],Fri Apr 07 17:43:59 +0000 2017,We're starting to see the real impact of #MachineLearning in these 4 industries @ishers123 @InformationAge\xe2\x80\xa6 https://t.co/nf9Maamihy
544,['http://bit.ly/2oNYBB5'],Sat Apr 08 01:14:18 +0000 2017,machine learning | CNSI | Government IT and Business Process Outsourcing https://t.co/JR7o8hdVe9 #ai #ml #dl
533,['http://ajax.sys-con.com/node/4041564'],Fri Apr 07 17:45:03 +0000 2017,2.0 - Integrate #Blockchain into Business | CloudExpo #IoT #AI #FinTech #Bitcoin | Machine Learning Journal https://t.co/8HVhaIUZtb
528,['https://research.googleblog.com/2017/04/federated-learning-collaborative.html'],Fri Apr 07 17:46:13 +0000 2017,Federated Learning: Collaborative Machine Learning without Centralized Training Data  https://t.co/1Go0a7EOrM @googleresearch
528,['http://bit.ly/2nLZqYc'],Sat Apr 08 21:24:50 +0000 2017,RT @tproehm: Google Cloud Jobs API: Smarter Job Search Using Machine Learning https://t.co/M3ojIYb3Uv https://t.co/W7UfoJNaIz
512,['http://buff.ly/2oKp4jB'],Sat Apr 08 02:03:00 +0000 2017,The Emotionally Intelligent Web: How Will Machine Learning Affect User Interaction? https://t.co/ghlqUKwgWT #webdesign #news
505,['https://twitter.com/coolgamesinc/status/850531197096611840'],Sat Apr 08 02:10:47 +0000 2017,THE CHEETOCAST https://t.co/Cv6OxTzfrT
495,['https://lnkd.in/gtpw-xE'],Sat Apr 08 02:04:09 +0000 2017,Two key technologies driving Machine Learning in Financial Services https://t.co/iCZsteuTJq
493,['https://goo.gl/M75IuL'],Sat Apr 08 02:06:27 +0000 2017,RT @DD_NaNa_: 24170+ Enrolled  Data Science and Machine Learning with #Python - Hands On! https://t.co/UhfWbGNzcu
481,['http://bit.ly/2o7rzcc'],Sat Apr 08 01:55:55 +0000 2017,"RT @maxversace: Machine Learning Engineer Job in Palo Alto, CA | Jobspring Partners https://t.co/vRWmxrHLM5 #ai #ml #dl"
471,['http://paper.li/jxstanford/1434765607?edition_id=21125730-1bff-11e7-802f-0cc47a0d1605'],Sat Apr 08 02:00:26 +0000 2017,The latest The machine learning Daily! https://t.co/92PXIq8jvO Thanks to @fred90865755 @bheroor @jsoler65 #machinelearning #ai
460,['https://twitter.com/i/web/status/850401339737862148'],Fri Apr 07 17:34:13 +0000 2017,@shalfc At least he's young and learning.  I work with someone who makes me feel physically sick when he eats a ban\xe2\x80\xa6 https://t.co/5s6oII8Aug
459,['http://dlvr.it/Nqtk4v'],Sat Apr 08 02:01:03 +0000 2017,How machine learning improves energy consumption - TechTarget (blog) https://t.co/6FDCG8rT8g #machinelearning
457,['https://www.technologyreview.com/s/603351/the-insanely-popular-chinese-news-app-that-youve-never-heard-of/?utm_campaign=add_this&utm_source=twitter&utm_medium=post'],Sat Apr 08 21:14:20 +0000 2017,This Chinese media giant is using machine learning to go after Facebook\xe2\x80\x99s lunch - via @techreview https://t.co/ejuCXsllqx
436,['https://twitter.com/deeplearn007/status/850349471489810433'],Fri Apr 07 17:09:45 +0000 2017,MLaaS: powered by big data its the new service set https://t.co/I7Ag5HkfRa
436,['https://twitter.com/deeplearn007/status/850367348359942144'],Fri Apr 07 17:10:34 +0000 2017,Love this graphic!! \xf0\x9f\x91\x8d https://t.co/mB5QlBrezW
424,['http://bit.ly/2ovtlDf'],Fri Apr 07 17:35:09 +0000 2017,Psychologists enlist machine learning to help diagnose depression: https://t.co/yyeWbh8a0h
396,['https://goo.gl/M75IuL'],Sat Apr 08 02:07:52 +0000 2017,RT @DD_NaNa_: 24170+ Enrolled  Data Science and Machine Learning with #Python - Hands On! https://t.co/UhfWbGNzcu
381,['http://insidebigdata.com/2017/03/18/google-changing-landscape-digital-marketing-deep-machine-learning/'],Fri Apr 07 17:34:35 +0000 2017,RT @KhalidHamdan0: How #Google Is Changing the Landscape of #DigitalMarketing with Deep &amp; #machinelearning - https://t.co/c807mhOWEg M\xe2\x80\xa6 
380,['http://www.theverge.com/tldr/2017/4/6/15209202/adobe-sensei-selfie-improving-ai-machine-learning'],Fri Apr 07 17:18:38 +0000 2017,RT @silicontalent: #Adobe tries to make selfies less embarrassing using #AI and #machinelearning  https://t.co/GoWhLAPEec
373,['http://upflow.co/l/K57D'],Sat Apr 08 21:01:22 +0000 2017,How machine-learning startup Jemsoft turned a tragic situation into a viable business ... https://t.co/aWsxMeQmqp https://t.co/LEpkkQuDpr
328,['http://ift.tt/2oeRGA2'],Sat Apr 08 21:25:40 +0000 2017,"RT @paulstaab: Check out ""Federated Learning: Collaborative Machine Learning without Centralized Training Data"" https://t.co/eT9p2QTjlm (vi\xe2\x80\xa6"
326,['http://buff.ly/2oLMhBX'],Sat Apr 08 01:55:00 +0000 2017,"Machine Learning Is Not Magic: It\xe2\x80\x99s All About Math, Stats, Data, and Programming - https://t.co/rV8uiDVcAs #worthreading"
315,['https://lnkd.in/gnjXfhc'],Sat Apr 08 21:10:14 +0000 2017,"AI, machine learning will shatter Moore's Law in rapid-fire pace of innovation https://t.co/6BXH11FxXi"
302,['http://upflow.co/l/9Qgs'],Sat Apr 08 21:07:29 +0000 2017,"Machine Learning, Analytics Play Growing Role in US Exascale Efforts https://t.co/EjqYHhKo7S https://t.co/jTi8rPkX3E"
296,['http://bit.ly/2nMfoA7'],Sat Apr 08 21:24:19 +0000 2017,RT @Ronald_vanLoon: Open Source Machine Learning Degree | #MachineLearning #OpenSource #RT https://t.co/sjfmqg6l1r https://t.co/uz5waRfS1R
293,['https://twitter.com/c2ro_/status/793919013696913408'],Fri Apr 07 17:34:35 +0000 2017,"""Nearly one-third (27.4%) of all app developers globally are planning to build new apps on the cloud."" #teched https://t.co/W56I7Nz3QD"
293,['https://goo.gl/MSrvCL'],Sat Apr 08 02:10:07 +0000 2017,#python lathe 0.2.7: Basic machine learning toolkit for BYU CS478 https://t.co/iMc6H8bziH
293,"['https://goo.gl/MSrvCL', 'http://fb.me/8yG9XNOnT']",Sat Apr 08 02:10:16 +0000 2017,#python lathe 0.2.7: Basic machine learning toolkit for BYU CS478 https://t.co/iMc6H8bziH https://t.co/L6G5Db6SIo
285,['http://bit.ly/2oFDz4R'],Sat Apr 08 21:19:06 +0000 2017,Brain scans and machine learning programs are paving the way for a breakthrough in research on depression: https://t.co/WZMkH0dAsQ
267,['http://www.theverge.com/tldr/2017/4/6/15209202/adobe-sensei-selfie-improving-ai-machine-learning?utm_campaign=theverge&utm_content=chorus&utm_medium=social&utm_source=twitter'],Sat Apr 08 21:05:16 +0000 2017,RT @verge: Adobe tries to make selfies less embarrassing using AI and machine learning https://t.co/iRbNUZZcu6 https://t.co/yfpF26RQIg
253,['http://www.openculture.com/2017/04/neural-networks-for-machine-learning-a-free-online-course.html'],Sat Apr 08 02:04:55 +0000 2017,https://t.co/fIvvP3ZcaA
251,['http://bit.ly/2oz2rxI'],Sat Apr 08 21:17:16 +0000 2017,RT @openculture: Neural Networks for Machine Learning: A Free Online Course https://t.co/XZaA05qkKB https://t.co/ugDw1F5Ldx
243,['https://medium.com/towards-data-science/understand-these-5-basic-concepts-to-sound-like-a-machine-learning-expert-6221ec0fe960'],Fri Apr 07 17:24:18 +0000 2017,\xe2\x80\x9cUnderstand these 5 basic concepts to sound like a machine learning expert\xe2\x80\x9d by @aaronedell https://t.co/1o0ed8hkMM
241,['https://wp.me/p8wSmg-6l'],Sat Apr 08 02:07:24 +0000 2017,Did you miss this? Introduction to Machine Learning : Part 2 This post might require a cup of coffee. I want to tak https://t.co/7VZt7Y0AXs
237,['http://www.worldofdb2.com/events/event/show?id=2837977%3AEvent%3A114836&xg_source=msg_invite_event'],Fri Apr 07 17:10:09 +0000 2017,"Check out ""IBM Machine Learning: Uncover meaningful insights from your enterprise"" on The World of DB2: https://t.co/FGkcyNGKZO"
236,['http://sco.lt/5VDt1F'],Fri Apr 07 17:56:07 +0000 2017,4 machine learning breakthroughs from Google's TPU processor | @scoopit https://t.co/aJ8voFr3Iu
225,['http://research.googleblog.com/2017/04/predicting-properties-of-molecules-with.html'],Sat Apr 08 02:14:29 +0000 2017,"RT @hainm_comp: ""Predicting Properties of Molecules with Machine Learning""  https://t.co/D4zykO8ZYa"
223,['https://medium.com/@karpathy/a-peek-at-trends-in-machine-learning-ab8a1085a106'],Sat Apr 08 21:06:11 +0000 2017,"RT @karpathy: New quick blog post: ""A Peek at Trends in Machine Learning"" https://t.co/TXSzyQG6EZ a few ""Google Trends"" of ML papers on arx\xe2\x80\xa6"
208,['http://www.kdnuggets.com/2017/03/best-r-packages-machine-learning.html#.WOlRHMr_PFw.twitter'],Sat Apr 08 21:07:56 +0000 2017,The Best\xc2\xa0R Packages for Machine Learning: https://t.co/7oEm3xZtfl
208,['http://www.kdnuggets.com/2016/08/10-algorithms-machine-learning-engineers.html#.WOlRQwPCLVw.twitter'],Sat Apr 08 21:08:30 +0000 2017,The 10 Algorithms Machine Learning Engineers Need to Know https://t.co/PSfBnqusQN
205,['https://www.amazon.co.jp/dp/1491924136/ref=cm_sw_r_tw_dp_x_sne6ybQASWDGR'],Sat Apr 08 01:56:48 +0000 2017,Thoughtful Machine Learning With Python: A Test-driven Approach   Matthew K... https://t.co/rAXnnxoewK @amazonJP\xe3\x81\x95\xe3\x82\x93\xe3\x81\x8b\xe3\x82\x89
205,['https://www.amazon.co.jp/dp/1449369413/ref=cm_sw_r_tw_dp_x_-oe6ybJMBMAR9'],Sat Apr 08 01:58:34 +0000 2017,Introduction to Machine Learning With Python: A Guide for Data Scientists  ... https://t.co/W2d7yQ4ruX @amazonJP\xe3\x81\x95\xe3\x82\x93\xe3\x81\x8b\xe3\x82\x89
203,['http://paper.li/DurakDenise/1461490105?read=http%3A%2F%2Fwww.datasciencecentral.com%2Fprofiles%2Fblogs%2Fdifference-of-data-science-machine-learning-and-data-mining'],Sat Apr 08 01:50:59 +0000 2017,"RT @DurakDenise: Difference of Data Science, Machine Learning and Data Mining https://t.co/ar8CdJmffu"
199,['http://bit.ly/2oFDz4R'],Sat Apr 08 21:15:31 +0000 2017,"RT voxdotcom ""Brain scans and machine learning programs are paving the way for a breakthrough in research on depre\xe2\x80\xa6 https://t.co/wuURC8qDOP"""
194,['http://dlvr.it/Nqtsc4'],Sat Apr 08 02:11:08 +0000 2017,"Microsoft launches Sprinkles, a silly camera app powered by machine learning https://t.co/H8JdwNqfZy https://t.co/HfAMU1dZkz"
193,['https://twitter.com/openculture/status/850805143910072320'],Sat Apr 08 20:59:29 +0000 2017,\xd8\xa8\xd9\x88\xda\xa9\xd9\x85\xd8\xa7\xd8\xb1\xda\xa9 https://t.co/jrGBWyg3Ph
183,['http://www.information-age.com/4-industries-machine-learning-2017-123465561/'],Fri Apr 07 17:36:57 +0000 2017,"#BigData. Industries that will be the most impacted by #MachineLearning : Manufacturing, Finance, Retail. \nhttps://t.co/jjSapr7T3I"
182,['http://www.techrepublic.com/article/how-google-wants-to-crowdsource-machine-learning-with-smartphones-and-federated-learning/'],Sat Apr 08 02:06:58 +0000 2017,Interesting times..https://t.co/5mDs5mfMaj
180,['http://soc.fm/Hkv4LhK9'],Sat Apr 08 02:05:45 +0000 2017,That time when machine learning saved a batch of beer. https://t.co/K2LYT1rLE9
176,['http://e.gv6.co/t_AgNV'],Fri Apr 07 17:45:02 +0000 2017,Rigid Supply Chains gain flexibility and optimization to support customization with SAP Machine Learning. https://t.co/pSenzjNkOL
176,['https://twitter.com/svaixd/status/850396548194324481'],Fri Apr 07 17:47:22 +0000 2017,RT @tonyhschu: Oooh my talk on machine learning and design is out! Thanks @ixdconf for having me! https://t.co/gsKd7fkSqD
162,['http://finance.yahoo.com/news/ibm-patents-machine-learning-models-130000644.html?soc_src=social-sh&soc_trk=tw'],Sat Apr 08 02:01:11 +0000 2017,RT @garyhargraves: IBM Patents Machine Learning Models for Drug Discovery https://t.co/wtxFQFxvrw via @YahooFinance
159,['http://www.techrepublic.com/article/machine-learning-and-microbes-how-big-data-is-redefining-biotechnology/'],Sat Apr 08 20:59:54 +0000 2017,RT @RelearnML: Machine learning and microbes: How big data is redefining biotechnology https://t.co/SGJA9iH0hG https://t.co/T3mUB0A9Bn
150,['https://twitter.com/coolgamesinc/status/850531197096611840'],Sat Apr 08 02:11:10 +0000 2017,I'm here for all Cheetos and Burnout content https://t.co/aZD3RW5b2w
146,['http://www.rightrelevance.com/search/articles?view=trending&orderBy=relevance&query=Machine%20Learning&days=2&taccount=ml_toparticles'],Sat Apr 08 01:46:36 +0000 2017,RT @ML_toparticles: Top Machine Learning articles from last 48 hrs https://t.co/1VXhJ2pXEK
146,['http://youtu.be/mWl45NkFBOc?a'],Sat Apr 08 21:20:37 +0000 2017,I added a video to a @YouTube playlist https://t.co/oZKUYfW2oG TensorFlow: Machine Learning for Everyone
144,['http://socl.club/GOb4Fj'],Fri Apr 07 17:46:21 +0000 2017,Adobe wants to use AI and machine learning to beautify your #photo#editing#learnphotoediting https://t.co/fVMag9RYYZ https://t.co/6aSPnxEmwW
143,['http://tcrn.ch/2nYzx7K'],Sat Apr 08 01:55:44 +0000 2017,RT @TechCrunch: Google says its custom machine learning chips are often 15-30x faster than GPUs and CPUs https://t.co/n1iWwswFE3 https://t.\xe2\x80\xa6
142,['http://spr.ly/60128juNg'],Sat Apr 08 02:13:55 +0000 2017,RT @SAP: Machine Learning takes guesswork out of online authenticity https://t.co/fiR9NGpODQ https://t.co/xSlJL30nzX
135,['http://blog.paralleldots.com/technology/machine-learning/lesser-known-machine-learning-libraries-part-ii/'],Fri Apr 07 17:44:14 +0000 2017,Some Lesser Known Machine Learning Libraries https://t.co/fcRDAZtBXh
134,['http://www.nature.com/news/machine-learning-predicts-the-look-of-stem-cells-1.21769'],Fri Apr 07 17:43:42 +0000 2017,Machine learning predicts the look of stem cells https://t.co/rfbuqnzAD6
130,['http://cincodias.elpais.com/cincodias/2017/04/07/legal/1491556472_200945.html'],Sat Apr 08 21:23:49 +0000 2017,RT @almudenavigil: Jurimetr\xc3\xada: el machine learning llega al sector legal de la mano de @WK_Legal https://t.co/LWNjBQO3xc
123,['https://twitter.com/i/web/status/850401615592935424'],Fri Apr 07 17:35:19 +0000 2017,Machine Learning: capacidade de prever comportamentos e muito mais by @_CCarvalheira_ via @hipersuper\xe2\x80\xa6 https://t.co/JUKebkiLXr
117,['http://snapjobsearch.com/jobs/view/3186748/'],Sat Apr 08 21:15:14 +0000 2017,"Machine Learning Lead, #Cambridge, #MA, #BiotechnologyPharmaceuticals https://t.co/bbb9KPyDYJ #job #hiring"
115,['http://bit.ly/2aQfn8S'],Fri Apr 07 17:21:13 +0000 2017,RT @Ronald_vanLoon: Introduction to Machine Learning in Python with scikit-learn | #MachineLearning #Phyton #RT https://t.co/luwGy9YZQM htt\xe2\x80\xa6
115,['http://www.openculture.com/2017/04/neural-networks-for-machine-learning-a-free-online-course.html'],Sat Apr 08 21:08:06 +0000 2017,Neural Networks for Machine Learning: A Free Online Course https://t.co/aFRwUpwBWH via @openculture
109,['http://bit.ly/2oa1yut'],Fri Apr 07 17:39:36 +0000 2017,RT @reaktorplayer: NSynth : Neural Audio Synthesis : https://t.co/73bTm9E1Q1  Use machine learning to develop new avenues of human exp\xe2\x80\xa6 
99,['http://ow.ly/fywu50aIrI7'],Sat Apr 08 02:01:04 +0000 2017,"Deep Machine Learning Startup Pluto AI Raises $2.1M - Pluto AI, a predictive analytics platform for water utili... https://t.co/2nS2EsSgYk"
98,['https://twitter.com/i/web/status/850819028377640964'],Sat Apr 08 21:13:58 +0000 2017,I think I'm giving Twitter's algorithms a digital headache about my interests. I guess machine learning can't handl\xe2\x80\xa6 https://t.co/HRxhPXtRAQ
90,['https://medium.com/@medhaa/three-things-you-need-to-know-about-machine-learning-99e6f5815aee'],Sat Apr 08 21:26:32 +0000 2017,RT @AlexanderD_Beck: Three things you need to know about machine learning https://t.co/WBKvPxDdhs #machinelearning #artificialintelligence\xe2\x80\xa6
81,['https://medium.com/towards-data-science/understand-these-5-basic-concepts-to-sound-like-a-machine-learning-expert-6221ec0fe960'],Fri Apr 07 17:42:49 +0000 2017,"#ML different from #AI, #deeplearning, or #NNs? Understand these 5 basic concepts to sound like a #ML expert | https://t.co/7oZJnRYPeJ"
80,"['http://www.kdnuggets.com/2017/04/top-20-papers-machine-learning.html', 'http://tweetedtimes.com/batoolchishti92?s=tnp']",Fri Apr 07 17:42:55 +0000 2017,"Top story: Top 20 Recent Research Papers on Machine Learning and Deep Learning https://t.co/0vIVSxDRCW, see more https://t.co/BPntEaSad5"
80,['https://medium.com/@karpathy/a-peek-at-trends-in-machine-learning-ab8a1085a106'],Sat Apr 08 02:00:02 +0000 2017,[N] A peek at trends in machine learning https://t.co/jh6uKFPagA
77,['http://ow.ly/kgjn30ahdv3'],Sat Apr 08 01:13:02 +0000 2017,RT @DataScienceCtrl: Machine Learning Algorithm Identifies Tweets Sent Under the Influence of Alcohol https://t.co/QDsJa49Klt
74,['http://dlvr.it/NqlRcm'],Fri Apr 07 17:53:19 +0000 2017,Why Should Designers And Product Managers Know About Machine Learning? https://t.co/jjZ5AnnpEs https://t.co/qUahIoTP8R
73,"['http://ln.is/www.cio.com/article/BXbcC', 'https://twitter.com/i/web/status/850788710702567424']",Sat Apr 08 21:06:25 +0000 2017,"#AI #DataMining #PrecisionAg\nAI, machine learning blossom in agriculture and pest control https://t.co/gChqKuY6Ds v\xe2\x80\xa6 https://t.co/qUW2PIkbPf"
65,"['http://bit.ly/2oJ9Z1i', 'http://bit.ly/2oQtjcS']",Sat Apr 08 21:00:41 +0000 2017,verge: Adobe tries to make selfies less embarrassing using AI and machine learning https://t.co/KcUb9mP1Kn https://t.co/M4KTOp2bTm #tech
64,"['http://bit.ly/2jFEMWI', 'http://www.rightrelevance.com/search/influencers?query=Machine%20Learning&taccount=ml_toparticles&time=1491683427.28']",Sat Apr 08 21:28:56 +0000 2017,RT @ML_toparticles: Top Machine Learning @rightrelevance Twitter influencers (https://t.co/yfMIlnSUOb) to follow https://t.co/ldeCJGvau3
55,['https://twitter.com/byronreese/status/850523611500863488'],Sat Apr 08 01:56:05 +0000 2017,Open course on artificial neural networks! https://t.co/bd1mDRY4H0
55,['http://buff.ly/2oaOYK2'],Sat Apr 08 21:05:41 +0000 2017,RT @ChatBotsLife: Machine Learning\xe2\x80\x8a\xe2\x80\x94\xe2\x80\x8aMantendo di\xc3\xa1logos \xe2\x80\x93 Chatbot\xe2\x80\x99s Life https://t.co/1SPp1T9gg1 #ai #machinelearning https://t.co/7l4pALg1sK
47,['http://bit.ly/2paACbS'],Fri Apr 07 17:34:24 +0000 2017,Federated Learning: Collaborative Machine Learning without Centralized Training Data https://t.co/7PfH4yXhJo https://t.co/LRrosSTmM7
45,['https://goo.gl/M75IuL'],Sat Apr 08 01:13:19 +0000 2017,RT @DD_NaNa_: 24170+ Enrolled  Data Science and Machine Learning with #Python - Hands On! https://t.co/UhfWbGNzcu
43,['https://cards.twitter.com/cards/1887vp/3z7xq'],Sat Apr 08 01:48:25 +0000 2017,"RT @Microsoft: That time when machine learning saved a batch of beer, via Bloomberg @technology. https://t.co/N6AQRdvU4H"
42,['https://speckyboy.com/emotionally-intelligent-web-user-interaction/?ref=webdesignernews.com'],Sat Apr 08 21:11:30 +0000 2017,The Emotionally Intelligent Web: How Will Machine Learning Affect User Interaction? #IoT https://t.co/VgMQ12bOn9
42,['https://www.analyticsvidhya.com/blog/2017/04/comparison-between-deep-learning-machine-learning/'],Sat Apr 08 21:16:31 +0000 2017,Deep Learning vs. Machine Learning - the essential differences you need to know! https://t.co/7pFvMwvQaA via @analyticsvidhya
39,['https://medium.com/@karpathy/a-peek-at-trends-in-machine-learning-ab8a1085a106'],Fri Apr 07 17:53:35 +0000 2017,"RT @karpathy: New quick blog post: ""A Peek at Trends in Machine Learning"" https://t.co/TXSzyQG6EZ a few ""Google Trends"" of ML papers on arx\xe2\x80\xa6"
38,['http://www.theverge.com/tldr/2017/4/6/15209202/adobe-sensei-selfie-improving-ai-machine-learning?utm_campaign=theverge&utm_content=entry&utm_medium=social&utm_source=twitter'],Sat Apr 08 21:18:52 +0000 2017,Adobe tries to make selfies less embarrassing using AI and machine learning https://t.co/76XDj3Nb81 via @Verge
35,['http://bit.ly/2njjLHy'],Sat Apr 08 02:07:02 +0000 2017,Machine learning: The saviour of #CyberSecurity https://t.co/HE2iyMEWl4 via @InformationAge https://t.co/MjjACIr9tB
30,['http://ift.tt/2oK5Fiv'],Fri Apr 07 17:33:20 +0000 2017,IBM integrates Watson machine learning into its enterprise helpdesk tool https://t.co/APPGiHoyRk #Scrawler https://t.co/wQZaCOVFuF
29,"['http://dlvr.it/NrBnQY', 'https://twitter.com/i/web/status/850817058342182912']",Sat Apr 08 21:06:08 +0000 2017,Deep Learning in 7 lines of code: The essence of machine\xe2\x80\xa6 https://t.co/pbYwWVZR6K #machinelearning #ai #tensorflow\xe2\x80\xa6 https://t.co/IY7Jnhg1mH
28,['http://bit.ly/2oFDz4R'],Sat Apr 08 21:15:51 +0000 2017,VOX: Brain scans and machine learning programs are paving the way for a breakthrough in research on depression: https://t.co/XPfRj4wfI4
24,['http://bos.gl/WOUu5DO'],Fri Apr 07 17:19:11 +0000 2017,"RT @ScottKirsner: This semester, roughly 700 students tried to get into @MIT\'s ""Intro to Machine Learning"" class https://t.co/FL1cl0SDiM #A\xe2\x80\xa6"
21,['http://martin.zinkevich.org/rules_of_ml/rules_of_ml.pdf'],Sat Apr 08 21:10:19 +0000 2017,RT @fabulousQian: Best practice of machine learning from Google https://t.co/K8rwdZJ7O5
19,['http://buff.ly/2omIGcR'],Sat Apr 08 02:00:08 +0000 2017,Using machine learning for insurance pricing optimization https://t.co/FW01cGgCgN
19,['http://bit.ly/2nN19Ld'],Sat Apr 08 02:13:15 +0000 2017,"Sock puppet accounts unmasked by the way they write and post - ""researchers created a machine learning tool that c\xe2\x80\xa6 https://t.co/ftyRwhNAXV"
19,['http://www.datasciencecentral.com/profiles/blogs/difference-of-data-science-machine-learning-and-data-mining?utm_content=buffer0c45a&utm_medium=social&utm_source=twitter.com&utm_campaign=buffer'],Sat Apr 08 21:20:30 +0000 2017,"RT @JulioTrujillo_: Difference of #DataScience, #MachineLearning and #DataMining \nhttps://t.co/8s6y4YsvJb https://t.co/46rRGgfYgK"
17,['http://www.nature.com/news/machine-learning-predicts-the-look-of-stem-cells-1.21769'],Fri Apr 07 17:42:07 +0000 2017,Just from April 5th! New research predicts the look of stem cells!\nhttps://t.co/HSkg6RGPEM\n#stemcelltalksyyc #diabetes #yyc #research2017
17,['http://news.ldv.co/posts/aoeAoJaFtAgX4T66S/researchers-use-machine-learning-to-detect-pathogenic'],Sat Apr 08 21:20:00 +0000 2017,Researchers Use Machine Learning to Detect Pathogenic Bacteria in Cattle https://t.co/KboaRoJVjc
16,['http://buff.ly/2p8yD7L'],Fri Apr 07 17:22:00 +0000 2017,"""Early adopters are realizing machine learning\xe2\x80\x99s biggest potential benefits."" https://t.co/i0pDbbGNgQ"
15,['http://upflow.co/l/Ddtv'],Fri Apr 07 17:33:54 +0000 2017,How to create text classifiers with Machine Learning MonkeyLearn Blog https://t.co/IgPYa3t1XC https://t.co/zFj6zqVMvF
12,['http://bit.ly/2nMU3GB'],Sat Apr 08 21:04:24 +0000 2017,"RT @a_calvello: Not sure I agree--need to define ""quants"": Quants Skeptical of Big Data, Machine Learning Hype https://t.co/MeLCc6rp3r via\xe2\x80\xa6"
9,['http://www.cwv.com.ve/tarifa-plana-de-machine-learning/'],Sat Apr 08 21:24:34 +0000 2017,"Google est\xc3\xa1 acercando su tecnolog\xc3\xada \xe2\x80\x98machine learning\xe2\x80\x99 a contextos de la vida cotidiana, de la mano de TensorFlow. https://t.co/c94vEBkYIO"
8,['http://cincodias.elpais.com/cincodias/2017/04/07/legal/1491556472_200945.html'],Fri Apr 07 17:44:35 +0000 2017,RT @almudenavigil: Jurimetr\xc3\xada: el machine learning llega al sector legal de la mano de @WK_Legal https://t.co/LWNjBQO3xc
7,['https://navigator.ge/2017/04/07/googles-first-machine-learning-chip/'],Fri Apr 07 17:31:48 +0000 2017,Google-\xe1\x83\x98\xe1\x83\xa1 \xe1\x83\x9e\xe1\x83\x98\xe1\x83\xa0\xe1\x83\x95\xe1\x83\x94\xe1\x83\x9a\xe1\x83\x98 \xe1\x83\x9b\xe1\x83\x90\xe1\x83\x9c\xe1\x83\xa5\xe1\x83\x90\xe1\x83\x9c\xe1\x83\xa3\xe1\x83\xa0\xe1\x83\x98 \xe1\x83\xa8\xe1\x83\x94\xe1\x83\xa1\xe1\x83\xac\xe1\x83\x90\xe1\x83\x95\xe1\x83\x9a\xe1\x83\x98\xe1\x83\xa1 \xe1\x83\xa9\xe1\x83\x98\xe1\x83\x9e\xe1\x83\x98 (TPU) 30-\xe1\x83\xaf\xe1\x83\x94\xe1\x83\xa0 \xe1\x83\xa1\xe1\x83\xac\xe1\x83\xa0\xe1\x83\x90\xe1\x83\xa4\xe1\x83\x98\xe1\x83\x90 CPU-\xe1\x83\x94\xe1\x83\x91\xe1\x83\xa1\xe1\x83\x90 \xe1\x83\x93\xe1\x83\x90 GPU-\xe1\x83\x94\xe1\x83\x91\xe1\x83\x96\xe1\x83\x94 https://t.co/bicU1wOLw1 https://t.co/rG1aoEe1sX
6,['http://blog.algorithmia.com/machine-learning-with-human-in-the-loop/'],Fri Apr 07 17:45:26 +0000 2017,RT @etzioni: Machine Learning with Humans in the Loop https://t.co/8RpZwTKcvS by @algorithmia and @mighty_ai
3,['https://speckyboy.com/emotionally-intelligent-web-user-interaction/'],Sat Apr 08 21:22:02 +0000 2017,The Emotionally Intelligent Web: How Will Machine Learning Affect User Interaction? https://t.co/LK7RLyMzoj
342040,[],Sat Apr 08 01:49:45 +0000 2017,RT @byronreese: 78 free lessons on artificial neural networks &amp; machine learning by Prof. Geoffrey Hinton in 2012. #ML https://t.co/E7dBwyi\xe2\x80\xa6
74234,[],Sat Apr 08 21:27:05 +0000 2017,RT @ipfconline1: Is #Blockchain Enabler of Data Monetization? | @CloudExpo #BigData #FinTech | Machine Learning Journal\xe2\x80\xa6 
60865,[],Sat Apr 08 02:10:19 +0000 2017,"RT @coolgamesinc: This week, we're talking Cheetos, machine-learning algorithms, and a Burnout + Shadow of the Colossus hybrid game:  https\xe2\x80\xa6"
24390,[],Sat Apr 08 21:08:38 +0000 2017,RT @DeepLearn007: 4 sectors that will be transformed by #machinelearning in 2017\n#AI #deeplearning #fintech #bigdata #retail #ML\xe2\x80\xa6 
21320,[],Fri Apr 07 17:24:09 +0000 2017,RT @DeepLearn007: Understanding Machine Learning\n#machinelearning #AI #fintech #bigdata #Marketing #healtchare #ML #tech\xe2\x80\xa6 
17500,[],Sat Apr 08 21:18:36 +0000 2017,RT @voxdotcom: Brain scans and machine learning programs are paving the way for a breakthrough in research on depression: https://t.co/zf04\xe2\x80\xa6
17000,[],Fri Apr 07 17:09:27 +0000 2017,"RT @DeepLearn007: #AI , #MachineLearning as a Service Set to Overhaul #Healthcare\n#bigdata #deeplearning #DL #ML #NLP #tech\xe2\x80\xa6 "
16999,[],Fri Apr 07 17:10:17 +0000 2017,"RT @datagenius: Difference between Machine Learning, Data Science, AI, Deep Learning, and Statistics \xe2\x80\x93 Data Science Central https://t.co/9Q\xe2\x80\xa6"
16774,[],Sat Apr 08 21:00:02 +0000 2017,RT @motionhall: Get the right partner insights to find and win the best deal with machine learning and data science. #biotech #pharma #deal\xe2\x80\xa6
12700,[],Fri Apr 07 17:21:28 +0000 2017,RT @manujagg: Big Data Protection in the Age of Machine Learning\n#machinelearning #bigdata #AI #fintech...\xe2\x80\xa6 
9503,[],Fri Apr 07 17:19:03 +0000 2017,RT @DeepLearn007: Understanding Machine Learning\n#machinelearning #AI #fintech #bigdata #Marketing #healtchare #ML #tech\xe2\x80\xa6 
9326,[],Fri Apr 07 17:40:52 +0000 2017,RT @DeepLearn007: Understanding Machine Learning\n#machinelearning #AI #fintech #bigdata #Marketing #healtchare #ML #tech\xe2\x80\xa6 
7983,[],Sat Apr 08 01:54:51 +0000 2017,RT @hmason: This is very interesting - Federated Learning: Collaborative Machine Learning without Centralized Training Data https://t.co/Nl\xe2\x80\xa6
7508,[],Fri Apr 07 17:10:19 +0000 2017,"RT @chrissyfarr: Fascinating view from radiologist @GarryChoy: ""Our field is the Silicon Valley of medicine,"" because of all the AI/machine\xe2\x80\xa6"
6876,[],Fri Apr 07 17:10:00 +0000 2017,RT @DeepLearn007: Big Data Protection in the Age of Machine Learning\n#machinelearning #bigdata #AI #fintech #ML #tech\xe2\x80\xa6 
6619,[],Sat Apr 08 21:27:37 +0000 2017,RT @voxdotcom: Brain scans and machine learning programs are paving the way for a breakthrough in research on depression: https://t.co/zf04\xe2\x80\xa6
5984,[],Sat Apr 08 01:48:31 +0000 2017,RT @DeepLearn007: Understanding Machine Learning\n#machinelearning #AI #fintech #bigdata #Marketing #healtchare #ML #tech\xe2\x80\xa6 
5952,[],Sat Apr 08 01:51:27 +0000 2017,RT @hmason: This is very interesting - Federated Learning: Collaborative Machine Learning without Centralized Training Data https://t.co/Nl\xe2\x80\xa6
5927,[],Fri Apr 07 17:22:29 +0000 2017,RT @manujagg: Big Data Protection in the Age of Machine Learning\n#machinelearning #bigdata #AI #fintech...\xe2\x80\xa6 
5448,[],Sat Apr 08 02:01:57 +0000 2017,RT @hmason: This is very interesting - Federated Learning: Collaborative Machine Learning without Centralized Training Data https://t.co/Nl\xe2\x80\xa6
5418,[],Fri Apr 07 17:23:18 +0000 2017,RT @DeepLearn007: Maximising The Effectiveness Of Your Campaigns W/ #machinelearning #AI #bigdata #marketing #martech #ML #tech\xe2\x80\xa6 
5220,[],Sat Apr 08 21:17:47 +0000 2017,"RT @BrianaMetz: #Amazon is hiring! Senior #Software Development Engineer: Machine #Learning in #SeattleWAUS, apply now! #job https://t.co/G\xe2\x80\xa6"
5091,[],Sat Apr 08 01:46:27 +0000 2017,RT @hmason: This is very interesting - Federated Learning: Collaborative Machine Learning without Centralized Training Data https://t.co/Nl\xe2\x80\xa6
5090,[],Sat Apr 08 01:57:54 +0000 2017,RT @Fisher85M: Big Data Protection in the Age of Machine Learning\n#machinelearning #bigdata #AI #fintech #ML...\xe2\x80\xa6 
5090,[],Sat Apr 08 02:04:09 +0000 2017,RT @dtunkelang: Nice to see @Google pursuing machine learning approaches that protect user privacy by decentralizing training data. https:/\xe2\x80\xa6
5073,[],Fri Apr 07 17:44:22 +0000 2017,RT @nwcadence: Use data to see the future. FREE event! Learn about the power of machine learning #Denver 5/2\xe2\x80\xa6 
4504,[],Sat Apr 08 01:47:43 +0000 2017,RT @Pillai_Sunil: #machinelearning and Its Impact On the Future for Insurance\n#AI #fintech #bigdata #insurtech...\xe2\x80\xa6 
3840,[],Sat Apr 08 01:53:10 +0000 2017,RT @byronreese: 78 free lessons on artificial neural networks &amp; machine learning by Prof. Geoffrey Hinton in 2012. #ML https://t.co/E7dBwyi\xe2\x80\xa6
3627,[],Sat Apr 08 01:49:45 +0000 2017,"RT @armandokirwin: Traditional character rigging will never solve realistic virtual human facial animation, but machine learning + mesh def\xe2\x80\xa6"
3017,[],Sat Apr 08 21:15:52 +0000 2017,RT @chidakash: I made a bot to generate species names using machine learning. #ecology tweeps may enjoy. Follow @undisc_species https://t.c\xe2\x80\xa6
2994,[],Sat Apr 08 20:59:43 +0000 2017,"RT @CityAge: What\xe2\x80\x99s the Difference Between Artificial Intelligence, Machine Learning, and Deep Learning? | #dataeffect https://t.co/atW8nnl\xe2\x80\xa6"
2977,[],Sat Apr 08 01:48:01 +0000 2017,RT @Zambuseta: Tantos millones invertidos en big data y machine learning para que Youtube me siga poniendo anuncios de compresas.
2740,[],Sat Apr 08 21:18:33 +0000 2017,RT @voxdotcom: Brain scans and machine learning programs are paving the way for a breakthrough in research on depression: https://t.co/zf04\xe2\x80\xa6
2496,[],Sat Apr 08 01:47:37 +0000 2017,RT @hmason: This is very interesting - Federated Learning: Collaborative Machine Learning without Centralized Training Data https://t.co/Nl\xe2\x80\xa6
2322,[],Sat Apr 08 21:25:32 +0000 2017,RT @voxdotcom: Brain scans and machine learning programs are paving the way for a breakthrough in research on depression: https://t.co/zf04\xe2\x80\xa6
2054,[],Sat Apr 08 21:19:54 +0000 2017,RT @voxdotcom: Brain scans and machine learning programs are paving the way for a breakthrough in research on depression: https://t.co/zf04\xe2\x80\xa6
2043,[],Sat Apr 08 02:00:28 +0000 2017,RT @DeepLearn007: #AI as a job creator? How #machinelearning could change business\n#deeplearning #bigdata #Marketing #ML #DL #tech\xe2\x80\xa6 
2043,[],Sat Apr 08 02:02:58 +0000 2017,RT @DeepLearn007: #machinelearning and Its Impact On the Future for Insurance\n#AI #fintech #bigdata #insurtech #ML #CX #tech\xe2\x80\xa6 
1909,[],Sat Apr 08 01:56:40 +0000 2017,RT @Fisher85M: Big Data Protection in the Age of Machine Learning\n#machinelearning #bigdata #AI #fintech #ML...\xe2\x80\xa6 
1763,[],Sat Apr 08 02:12:32 +0000 2017,"RT @coolgamesinc: This week, we're talking Cheetos, machine-learning algorithms, and a Burnout + Shadow of the Colossus hybrid game:  https\xe2\x80\xa6"
1723,[],Sat Apr 08 21:15:22 +0000 2017,RT @Ronald_vanLoon: Top 20 Recent Research Papers on Machine Learning and Deep Learning | #MachineLearning #MachineIntelligence #RT\xe2\x80\xa6 
1582,[],Sat Apr 08 21:16:30 +0000 2017,RT @voxdotcom: Brain scans and machine learning programs are paving the way for a breakthrough in research on depression: https://t.co/zf04\xe2\x80\xa6
1388,[],Sat Apr 08 20:59:18 +0000 2017,"RT @Ronald_vanLoon: 60+ Free Books on Big Data, Data Science, Data Mining, Machine Learning, Python, R, and more | #DataScience #Bookf\xe2\x80\xa6 "
1374,[],Sat Apr 08 21:15:15 +0000 2017,RT @DeepLearn007: Maximising The Effectiveness Of Your Campaigns W/ #machinelearning #AI #bigdata #marketing #martech #ML #tech\xe2\x80\xa6 
1350,[],Sat Apr 08 01:52:27 +0000 2017,RT @DeepLearn007: #AI as a job creator? How #machinelearning could change business\n#deeplearning #bigdata #Marketing #ML #DL #tech\xe2\x80\xa6 
1230,[],Sat Apr 08 21:24:24 +0000 2017,RT @meghafon: Nice day working on my side project iOS app: combines \xf0\x9f\x9a\xb4\xf0\x9f\x8f\xbc\xe2\x80\x8d\xe2\x99\x80\xef\xb8\x8f\xf0\x9f\x9a\xb4 + machine learning + gpu programming + @graphcool. stay tuned fr\xe2\x80\xa6
1122,[],Sat Apr 08 01:54:25 +0000 2017,RT @hmason: This is very interesting - Federated Learning: Collaborative Machine Learning without Centralized Training Data https://t.co/Nl\xe2\x80\xa6
1095,[],Sat Apr 08 21:16:13 +0000 2017,RT @voxdotcom: Brain scans and machine learning programs are paving the way for a breakthrough in research on depression: https://t.co/zf04\xe2\x80\xa6
1077,[],Sat Apr 08 21:25:20 +0000 2017,RT @voxdotcom: Brain scans and machine learning programs are paving the way for a breakthrough in research on depression: https://t.co/zf04\xe2\x80\xa6
1002,[],Sat Apr 08 21:10:13 +0000 2017,"RT @Ronald_vanLoon: 60+ Free Books on Big Data, Data Science, Data Mining, Machine Learning, Python, R, and more | #DataScience #Bookf\xe2\x80\xa6 "
901,[],Sat Apr 08 21:27:58 +0000 2017,RT @awscloud: Discover a detailed overview of Machine Learning &amp; Deep Learning using AWS in the @NSF webinar.\xe2\x80\xa6 
843,[],Sat Apr 08 01:51:30 +0000 2017,RT @byronreese: 78 free lessons on artificial neural networks &amp; machine learning by Prof. Geoffrey Hinton in 2012. #ML https://t.co/E7dBwyi\xe2\x80\xa6
823,[],Sat Apr 08 02:15:06 +0000 2017,"RT @coolgamesinc: This week, we're talking Cheetos, machine-learning algorithms, and a Burnout + Shadow of the Colossus hybrid game:  https\xe2\x80\xa6"
728,[],Sat Apr 08 02:08:03 +0000 2017,@mmitchell_ai SETI@Home for Machine Learning &lt;circa 2017&gt;
664,[],Sat Apr 08 01:56:31 +0000 2017,RT byronreese: 78 free lessons on artificial neural networks &amp; machine learning by Prof. Geoffrey Hinton in 2012. #ML \xe2\x80\xa6
539,[],Sat Apr 08 21:27:55 +0000 2017,RT @DeepLearn007: #deeplearning vs. #machinelearning \xe2\x80\x93 the essential differences you need to know! #AI #ML #DL #bigdata #tech\xe2\x80\xa6 
538,[],Sat Apr 08 02:12:03 +0000 2017,RT @Barrabesbiz: El Machine Learning va a impactar en tu negocio. Descubre por qu\xc3\xa9 el pr\xc3\xb3ximo 11 de mayo en nuestro evento #2ML17\xe2\x80\xa6 
505,[],Sat Apr 08 02:10:49 +0000 2017,"RT @coolgamesinc: This week, we're talking Cheetos, machine-learning algorithms, and a Burnout + Shadow of the Colossus hybrid game:  https\xe2\x80\xa6"
504,[],Sat Apr 08 21:01:58 +0000 2017,"RT @Ronald_vanLoon: 60+ Free Books on Big Data, Data Science, Data Mining, Machine Learning, Python, R, and more | #DataScience #Bookf\xe2\x80\xa6 "
487,[],Sat Apr 08 21:26:19 +0000 2017,RT @voxdotcom: Brain scans and machine learning programs are paving the way for a breakthrough in research on depression: https://t.co/zf04\xe2\x80\xa6
452,[],Sat Apr 08 02:11:22 +0000 2017,"RT @coolgamesinc: This week, we're talking Cheetos, machine-learning algorithms, and a Burnout + Shadow of the Colossus hybrid game:  https\xe2\x80\xa6"
422,[],Sat Apr 08 02:10:26 +0000 2017,"Sock puppet accounts unmasked by the way they write and post - ""researchers created a machine learning tool that can detect if two accounts\xe2\x80\xa6"
388,[],Sat Apr 08 01:56:43 +0000 2017,RT @byronreese: 78 free lessons on artificial neural networks &amp; machine learning by Prof. Geoffrey Hinton in 2012. #ML https://t.co/E7dBwyi\xe2\x80\xa6
368,[],Sat Apr 08 21:18:46 +0000 2017,RT @voxdotcom: Brain scans and machine learning programs are paving the way for a breakthrough in research on depression: https://t.co/zf04\xe2\x80\xa6
345,[],Sat Apr 08 01:46:17 +0000 2017,RT @hmason: This is very interesting - Federated Learning: Collaborative Machine Learning without Centralized Training Data https://t.co/Nl\xe2\x80\xa6
335,[],Sat Apr 08 01:52:53 +0000 2017,RT @byronreese: 78 free lessons on artificial neural networks &amp; machine learning by Prof. Geoffrey Hinton in 2012. #ML https://t.co/E7dBwyi\xe2\x80\xa6
331,[],Sat Apr 08 02:11:03 +0000 2017,RT @hmason: This is very interesting - Federated Learning: Collaborative Machine Learning without Centralized Training Data https://t.co/Nl\xe2\x80\xa6
329,[],Sat Apr 08 21:16:38 +0000 2017,RT @voxdotcom: Brain scans and machine learning programs are paving the way for a breakthrough in research on depression: https://t.co/zf04\xe2\x80\xa6
288,[],Sat Apr 08 02:11:24 +0000 2017,"RT @coolgamesinc: This week, we're talking Cheetos, machine-learning algorithms, and a Burnout + Shadow of the Colossus hybrid game:  https\xe2\x80\xa6"
287,[],Sat Apr 08 02:13:02 +0000 2017,"RT @coolgamesinc: This week, we're talking Cheetos, machine-learning algorithms, and a Burnout + Shadow of the Colossus hybrid game:  https\xe2\x80\xa6"
279,[],Sat Apr 08 01:14:11 +0000 2017,RT @DeepLearn007: #machinelearning as a service to hit nearly $20B by 2025\n#AI #fintech #bigdata #retail #healthcare #ML #tech\xe2\x80\xa6 
279,[],Sat Apr 08 01:14:21 +0000 2017,RT @DeepLearn007: #machinelearning predicts the look of stem cells\n#AI #deeplearning #ML #DL #cancer #healthcare #science #tech\xe2\x80\xa6 
255,[],Sat Apr 08 02:14:54 +0000 2017,"RT @coolgamesinc: This week, we're talking Cheetos, machine-learning algorithms, and a Burnout + Shadow of the Colossus hybrid game:  https\xe2\x80\xa6"
254,[],Sat Apr 08 21:23:14 +0000 2017,RT @voxdotcom: Brain scans and machine learning programs are paving the way for a breakthrough in research on depression: https://t.co/zf04\xe2\x80\xa6
253,[],Sat Apr 08 21:12:13 +0000 2017,RT @quepasachico: How #machinelearning could change business - less fear of robots taking jobs - machines giving us jobs - https://t.co/uFS\xe2\x80\xa6
246,[],Sat Apr 08 21:18:35 +0000 2017,RT @voxdotcom: Brain scans and machine learning programs are paving the way for a breakthrough in research on depression: https://t.co/zf04\xe2\x80\xa6
242,[],Sat Apr 08 01:49:44 +0000 2017,RT @IBMIIG: Learn how organizations can take machine learning to the enterprise w/ @danhernandezATX on 4/11 in Dallas. Register\xe2\x80\xa6 
231,[],Sat Apr 08 21:05:18 +0000 2017,"RT @Ronald_vanLoon: 60+ Free Books on Big Data, Data Science, Data Mining, Machine Learning, Python, R, and more | #DataScience #Bookf\xe2\x80\xa6 "
226,[],Sat Apr 08 01:51:17 +0000 2017,RT @hmason: This is very interesting - Federated Learning: Collaborative Machine Learning without Centralized Training Data https://t.co/Nl\xe2\x80\xa6
225,[],Sat Apr 08 01:49:10 +0000 2017,RT @hmason: This is very interesting - Federated Learning: Collaborative Machine Learning without Centralized Training Data https://t.co/Nl\xe2\x80\xa6
205,[],Sat Apr 08 02:01:32 +0000 2017,"RT @harshjegadeesan: SAP Clea machine learning #APIs are now available on the #SAPAPIBusinessHub on @sapcp, see here: https://t.co/24IuOzbY\xe2\x80\xa6"
193,[],Sat Apr 08 02:05:24 +0000 2017,"RT @drdanwhite: Largest public collection of 3D stem cells, +the first-ever AI/machine learning model predicting cells organisation https:/\xe2\x80\xa6"
189,[],Sat Apr 08 01:56:28 +0000 2017,RT @byronreese: 78 free lessons on artificial neural networks &amp; machine learning by Prof. Geoffrey Hinton in 2012. #ML https://t.co/E7dBwyi\xe2\x80\xa6
188,[],Sat Apr 08 21:28:47 +0000 2017,Computer programs that learn and adapt are part of the emerging field of artificial intelligence and machine learning.
170,[],Sat Apr 08 21:27:07 +0000 2017,RT @voxdotcom: Brain scans and machine learning programs are paving the way for a breakthrough in research on depression: https://t.co/zf04\xe2\x80\xa6
166,[],Sat Apr 08 02:10:50 +0000 2017,"RT @coolgamesinc: This week, we're talking Cheetos, machine-learning algorithms, and a Burnout + Shadow of the Colossus hybrid game:  https\xe2\x80\xa6"
143,[],Sat Apr 08 02:03:17 +0000 2017,RT @dtunkelang: Nice to see @Google pursuing machine learning approaches that protect user privacy by decentralizing training data. https:/\xe2\x80\xa6
141,[],Sat Apr 08 01:59:44 +0000 2017,"a service called ""tl;dr"" that takes news articles &amp; w/ machine learning turns them into shorter summaries THEN recurses on itself until &lt;140"
135,[],Sat Apr 08 21:29:19 +0000 2017,"RT @Ronald_vanLoon: 60+ Free Books on Big Data, Data Science, Data Mining, Machine Learning, Python, R, and more | #DataScience #Bookf\xe2\x80\xa6 "
120,[],Sat Apr 08 21:14:08 +0000 2017,RT @Ronald_vanLoon: Top 20 Recent Research Papers on Machine Learning and Deep Learning | #MachineLearning #MachineIntelligence #RT\xe2\x80\xa6 
120,[],Sat Apr 08 21:16:40 +0000 2017,RT @voxdotcom: Brain scans and machine learning programs are paving the way for a breakthrough in research on depression: https://t.co/zf04\xe2\x80\xa6
97,[],Sat Apr 08 01:14:00 +0000 2017,RT @draix: Con mucha alegr\xc3\xada presentamos nuestra primer colecci\xc3\xb3n de art\xc3\xadculos sobre Machine Learning en formato revista. Pr\xc3\xb3x\xe2\x80\xa6 
93,[],Sat Apr 08 02:10:52 +0000 2017,"RT @coolgamesinc: This week, we're talking Cheetos, machine-learning algorithms, and a Burnout + Shadow of the Colossus hybrid game:  https\xe2\x80\xa6"
88,[],Sat Apr 08 01:59:14 +0000 2017,RT @byronreese: 78 free lessons on artificial neural networks &amp; machine learning by Prof. Geoffrey Hinton in 2012. #ML https://t.co/E7dBwyi\xe2\x80\xa6
84,[],Sat Apr 08 21:13:17 +0000 2017,Starting Stanford Machine Learning MOOC by @AndrewYNg ! Let's see how far my engineering degree taught me https://t.co/oMFOVrRBcY
64,[],Sat Apr 08 21:19:16 +0000 2017,RT @voxdotcom: Brain scans and machine learning programs are paving the way for a breakthrough in research on depression: https://t.co/zf04\xe2\x80\xa6
63,[],Sat Apr 08 02:08:53 +0000 2017,RT @DeepLearn007: #AI as a job creator? How #machinelearning could change business\n#deeplearning #bigdata #Marketing #ML #DL #tech\xe2\x80\xa6 
57,[],Sat Apr 08 20:59:10 +0000 2017,"RT @brains9: Novo aplicativo da @AdobeBra, ainda em testes, utiliza intelig\xc3\xaancia artificial e machine learning para melhorar as\xe2\x80\xa6 "
54,[],Sat Apr 08 02:12:06 +0000 2017,"RT @coolgamesinc: This week, we're talking Cheetos, machine-learning algorithms, and a Burnout + Shadow of the Colossus hybrid game:  https\xe2\x80\xa6"
47,[],Sat Apr 08 21:17:41 +0000 2017,@SafeSelfDrive Nothing that Machine Learning and AI can't fix with some first principles sprinkled in for good measure. ;-)
44,[],Sat Apr 08 01:53:01 +0000 2017,RT @hmason: This is very interesting - Federated Learning: Collaborative Machine Learning without Centralized Training Data https://t.co/Nl\xe2\x80\xa6
39,[],Sat Apr 08 21:06:50 +0000 2017,RT @DeepLearn007: 7 Applications of #machinelearning in Pharma &amp; Medicine\n#AI #bigdata #ML #healthcare #NeuralNetworks #dee\xe2\x80\xa6 
35,[],Sat Apr 08 02:11:00 +0000 2017,"RT @coolgamesinc: This week, we're talking Cheetos, machine-learning algorithms, and a Burnout + Shadow of the Colossus hybrid game:  https\xe2\x80\xa6"
33,[],Sat Apr 08 01:14:29 +0000 2017,RT @AboutMrFinch: You asked me if the Machine was capable of learning human nature. I'm saying it already is. It's learning by watching eve\xe2\x80\xa6
28,[],Sat Apr 08 02:13:15 +0000 2017,"RT @coolgamesinc: This week, we're talking Cheetos, machine-learning algorithms, and a Burnout + Shadow of the Colossus hybrid game:  https\xe2\x80\xa6"
28,[],Sat Apr 08 21:22:28 +0000 2017,"Quants Skeptical of Big Data, Machine Learning Hype - Institutional Investor https://t.co/fHdL8RSGKm"
26,[],Sat Apr 08 01:57:48 +0000 2017,RT @hmason: This is very interesting - Federated Learning: Collaborative Machine Learning without Centralized Training Data https://t.co/Nl\xe2\x80\xa6
26,[],Sat Apr 08 02:07:44 +0000 2017,"Quants Skeptical of Big Data, Machine Learning Hype - Institutional Investor https://t.co/QFmWMkq9eV"
24,[],Sat Apr 08 21:00:18 +0000 2017,RT @awscloud: Discover a detailed overview of Machine Learning &amp; Deep Learning using AWS in the @NSF webinar.\xe2\x80\xa6 
12,[],Sat Apr 08 01:48:14 +0000 2017,RT @IBMIIG: Learn how organizations can take machine learning to the enterprise w/ @danhernandezATX on 4/11 in Dallas. Register\xe2\x80\xa6 
10,[],Sat Apr 08 21:04:29 +0000 2017,RT @Ronald_vanLoon: Artificial Intelligence vs. Machine Learning: What's the Difference? | #MachineLearning #Artificialintelligence #RT\xe2\x80\xa6 
4,[],Sat Apr 08 01:52:13 +0000 2017,with Machine Learning Experts
3,[],Sat Apr 08 02:15:11 +0000 2017,Predix.io Developer Network - Catalog for Predictive Models .. Cloud based Machine Learning. https://t.co/uNBI7lkRob
